{
    "overall": {
        "accuracy": 0.9523809523809523,
        "precision_micro": 0.9523809523809523,
        "recall_micro": 0.9523809523809523,
        "f1_micro": 0.9523809523809523,
        "precision_weighted": 1.0,
        "recall_weighted": 0.9523809523809523,
        "f1_weighted": 0.9735449735449735,
        "similarity_threshold": 0.7
    },
    "per_class": {
        "abhishek": {
            "precision": 1.0,
            "recall": 1.0,
            "f1": 1.0
        },
        "unknown": {
            "precision": 0.0,
            "recall": 0,
            "f1": 0
        },
        "jeevan": {
            "precision": 1.0,
            "recall": 0.8,
            "f1": 0.888888888888889
        },
        "ashish": {
            "precision": 1.0,
            "recall": 1.0,
            "f1": 1.0
        },
        "abi": {
            "precision": 1.0,
            "recall": 1.0,
            "f1": 1.0
        }
    }
}